﻿Designator,Footprint,Quantity,Value,LCSC Part #
"D1, D10, D11, D12, D13, D14, D15, D16, D17, D18, D19, D2, D20, D21, D22, D23, D24, D25, D26, D27, D28, D29, D3, D30, D31, D32, D33, D4, D5, D6, D7, D8, D9",D_SMD-THT,33,1N4148,
J1,JST_PH_S2B-PH-K_1x02_P2.00mm_Horizontal,1,BATT,
J2,PinHeader_1x05_P2.54mm_Vertical,1,nice!view,
SW1,SW_PUSH_6mm,1,PLAY/PAUSE,
SW10,SW_PUSH_6mm,1,NEXT,
SW11,Hotswap_Choc_V1V2,1,TAB,
SW12,Hotswap_Choc_V1V2,1,Q,
SW13,Hotswap_Choc_V1V2,1,W,
SW14,Hotswap_Choc_V1V2,1,E,
SW15,Hotswap_Choc_V1V2,1,R,
SW16,Hotswap_Choc_V1V2,1,T,
SW17,Hotswap_Choc_V1V2,1,CAPS,
SW18,Hotswap_Choc_V1V2,1,A,
SW19,Hotswap_Choc_V1V2,1,S,
SW2,Hotswap_Choc_V1V2,1,TILDA,
SW20,Hotswap_Choc_V1V2,1,D,
SW21,Hotswap_Choc_V1V2,1,F,
SW22,Hotswap_Choc_V1V2,1,G,
SW23,Hotswap_Choc_V1V2,1,M2,
SW24,Hotswap_Choc_V1V2,1,SHIFT,
SW25,Hotswap_Choc_V1V2,1,Z,
SW26,Hotswap_Choc_V1V2,1,X,
SW27,Hotswap_Choc_V1V2,1,C,
SW28,Hotswap_Choc_V1V2,1,V,
SW29,Hotswap_Choc_V1V2,1,B,
SW3,Hotswap_Choc_V1V2,1,1,
SW30,Hotswap_Choc_V1V2,1,ALT_1,
SW31,Hotswap_Choc_V1V2,1,FN,
SW32,Hotswap_Choc_V1V2,1,CONTROL,
SW33,Hotswap_Choc_V1V2,1,OPTION,
SW34,Hotswap_Choc_V1V2,1,COMMAND,
SW35,Hotswap_Choc_V1V2,1,SPACE,
SW4,Hotswap_Choc_V1V2,1,2,
SW5,Hotswap_Choc_V1V2,1,3,
SW6,Hotswap_Choc_V1V2,1,4,
SW7,Hotswap_Choc_V1V2,1,5,
SW8,Switch_MSK12C02,1,ON_OFF,
SW9,SW_PUSH_6mm,1,NRST,
U1,nice!nano,1,nice!nano,
