﻿Designator,Footprint,Quantity,Value,LCSC Part #
"D1, D10, D11, D12, D13, D14, D15, D16, D17, D18, D19, D2, D20, D21, D22, D23, D24, D25, D26, D27, D28, D29, D3, D30, D31, D32, D33, D34, D4, D5, D6, D7, D8, D9",D_SMD-THT,34,1N4148,
J1,JST_PH_S2B-PH-K_1x02_P2.00mm_Horizontal,1,BATT,
J2,PinHeader_1x05_P2.54mm_Vertical,1,nice!view,
J4,PinHeader_1x05_P2.54mm_Horizontal,1,NUM_PAD_ROWS,
J5,PinHeader_1x05_P2.54mm_Horizontal,1,NUM_PAD_COLUMNS,
SW1,Switch_MSK12C02,1,SW_SPDT,
SW10,Hotswap_Choc_V1V2,1,U,
SW11,Hotswap_Choc_V1V2,1,I,
SW12,Hotswap_Choc_V1V2,1,O,
SW13,Hotswap_Choc_V1V2,1,P,
SW14,Hotswap_Choc_V1V2,1,{,
SW15,Hotswap_Choc_V1V2,1,H,
SW16,Hotswap_Choc_V1V2,1,J,
SW17,Hotswap_Choc_V1V2,1,K,
SW18,Hotswap_Choc_V1V2,1,L,
SW19,Hotswap_Choc_V1V2,1,;,
SW2,SW_PUSH_6mm,1,NRST,
SW20,Hotswap_Choc_V1V2,1,',
SW21,Hotswap_Choc_V1V2,1,__ENTER,
SW22,Hotswap_Choc_V1V2,1,N,
SW23,Hotswap_Choc_V1V2,1,M,
SW24,Hotswap_Choc_V1V2,1,",",
SW25,Hotswap_Choc_V1V2,1,.,
SW26,Hotswap_Choc_V1V2,1,/,
SW27,Hotswap_Choc_V1V2,1,SHIFT,
SW28,Hotswap_Choc_V1V2,1,UP,
SW29,Hotswap_Choc_V1V2,1,M1,
SW3,Hotswap_Choc_V1V2,1,6,
SW30,Hotswap_Choc_V1V2,1,DOWN,
SW31,Hotswap_Choc_V1V2,1,LEFT,
SW32,Hotswap_Choc_V1V2,1,ALT_2,
SW33,Hotswap_Choc_V1V2,1,RIGHT,
SW34,Hotswap_Choc_V1V2,1,DEL,
SW35,Hotswap_Choc_V1V2,1,},
SW36,Hotswap_Choc_V1V2,1,SPACE,
SW4,Hotswap_Choc_V1V2,1,7,
SW5,Hotswap_Choc_V1V2,1,8,
SW6,Hotswap_Choc_V1V2,1,9,
SW7,Hotswap_Choc_V1V2,1,0,
SW8,Hotswap_Choc_V1V2,1,-,
SW9,Hotswap_Choc_V1V2,1,Y,
U1,nice!nano,1,nice!nano,
